"Name","Agent","State","Notes","User","Tags","Created","Runtime","Sweep","alpha","loss","oversample","penalty","random_state","random_state_split","test_size","undersample","accuracy_train","accuracy_val","f1_train","f1_val","precision_train","precision_val","recall_train","recall_val"
"stilted-sweep-107","h988r7ow","finished","-","7ben18","","2023-06-04T09:48:58.000Z","361","87ys4h5o","0.000001","squared_hinge","false","l2","1493","4185","0.2","false","0.8910633892366124","0.8422749739646831","0.8909647018637084","0.8395386956282438","0.8932220811410434","0.8567156942899311","0.8910633892366124","0.8422749739646831"
"gallant-sweep-106","h988r7ow","finished","-","7ben18","","2023-06-04T09:43:30.000Z","326","87ys4h5o","0.000001","squared_hinge","false","l2","7606","4160","0.2","false","0.8513261826550872","0.7932644584293053","0.8412196383310991","0.7853581022350926","0.8544720341934909","0.8240825884844153","0.8513261826550872","0.7932644584293053"
"dashing-sweep-105","h988r7ow","finished","-","7ben18","","2023-06-04T09:38:18.000Z","306","87ys4h5o","0.000001","squared_hinge","false","l2","4419","8116","0.2","false","0.8773974883045065","0.6130309280803532","0.878128235270716","0.6029576731228794","0.8793857138617798","0.767396779658414","0.8773974883045065","0.6130309280803532"
"polished-sweep-104","h988r7ow","finished","-","7ben18","","2023-06-04T09:31:10.000Z","424","87ys4h5o","0.000001","squared_hinge","false","l2","8019","3715","0.2","false","0.8848990322234791","0.6769686395824476","0.8848583619534064","0.6668958445826085","0.8908064765086737","0.7594285568826767","0.8848990322234791","0.6769686395824476"
"logical-sweep-103","h988r7ow","finished","-","7ben18","","2023-06-04T09:23:27.000Z","460","87ys4h5o","0.000001","squared_hinge","false","l2","3946","7042","0.2","false","0.8997272591643204","0.6771279286305694","0.8979644088828793","0.7013731531759669","0.902446656661014","0.7884668603399347","0.8997272591643204","0.6771279286305694"
"happy-sweep-102","h988r7ow","finished","-","7ben18","","2023-06-04T09:15:55.000Z","449","87ys4h5o","0.000001","squared_hinge","false","l2","6403","9060","0.2","false","0.9034139241477802","0.6963635051287329","0.9037698293292216","0.6797023800953638","0.9107645988000024","0.6786112215291965","0.9034139241477802","0.6963635051287329"
"unique-sweep-101","h988r7ow","finished","-","7ben18","","2023-06-04T09:02:39.000Z","792","87ys4h5o","0.000001","squared_hinge","false","l2","9620","692","0.2","false","0.887177241188095","0.7298481053552099","0.8882422174676299","0.7227228143141099","0.8912848472098205","0.7441433231791398","0.887177241188095","0.7298481053552099"
"vibrant-sweep-100","h988r7ow","finished","-","7ben18","","2023-06-04T08:56:40.000Z","357","87ys4h5o","0.000001","squared_hinge","false","l2","8535","8645","0.2","false","0.8858627901410266","0.7527485745288524","0.8868271538364223","0.7539070283015897","0.8887718431016897","0.7941603554160286","0.8858627901410266","0.7527485745288524"
"driven-sweep-99","h988r7ow","finished","-","7ben18","","2023-06-04T08:49:34.000Z","421","87ys4h5o","0.000001","squared_hinge","false","l2","4394","4337","0.2","false","0.864347539388524","0.7509924840496015","0.8672199771765118","0.7564508604685495","0.8728702011087577","0.821996178926799","0.864347539388524","0.7509924840496015"
"firm-sweep-98","h988r7ow","finished","-","7ben18","","2023-06-04T08:43:20.000Z","369","87ys4h5o","0.000001","squared_hinge","false","l2","4957","2938","0.2","false","0.8924623137412947","0.8062655844614717","0.8917576158805524","0.8087699321174927","0.8924661139625795","0.8317441202298045","0.8924623137412947","0.8062655844614717"
"different-sweep-97","h988r7ow","finished","-","7ben18","","2023-06-04T08:35:07.000Z","489","87ys4h5o","0.000001","squared_hinge","false","l2","2258","7469","0.2","false","0.8893054193298638","0.8374882561884235","0.8891963250970019","0.8356739645519436","0.8964398506448269","0.8555492208013393","0.8893054193298638","0.8374882561884235"
"misty-sweep-96","h988r7ow","finished","-","7ben18","","2023-06-04T08:26:31.000Z","510","87ys4h5o","0.000001","squared_hinge","false","l2","373","5488","0.2","false","0.8980148115942354","0.782214296447544","0.8988070838179107","0.7987397160915715","0.9059943556467236","0.8423061121707212","0.8980148115942354","0.782214296447544"
"fearless-sweep-95","h988r7ow","finished","-","7ben18","","2023-06-04T08:20:31.000Z","354","87ys4h5o","0.000001","squared_hinge","false","l2","5989","461","0.2","false","0.8932470215356665","0.5997668293924083","0.8935158922997569","0.5681537470427913","0.89899054188095","0.7175967735199256","0.8932470215356665","0.5997668293924083"
"earnest-sweep-94","h988r7ow","finished","-","7ben18","","2023-06-04T08:09:34.000Z","652","87ys4h5o","0.000001","squared_hinge","false","l2","674","6488","0.2","false","0.8947869460766271","0.7529039301907495","0.893532334494302","0.7518793201376301","0.8946078763635116","0.7635810753721028","0.8947869460766271","0.7529039301907495"
"major-sweep-93","h988r7ow","finished","-","7ben18","","2023-06-04T08:01:28.000Z","484","87ys4h5o","0.000001","squared_hinge","false","l2","1951","8477","0.2","false","0.8205563025258472","0.8157637730799573","0.8249227750207524","0.805902506134669","0.8381825776445951","0.831756649074968","0.8205563025258472","0.8157637730799573"
"unique-sweep-92","h988r7ow","finished","-","7ben18","","2023-06-04T07:56:39.000Z","283","87ys4h5o","0.000001","squared_hinge","false","l2","920","1286","0.2","false","0.868407260319333","0.7271218346084424","0.8706252250949043","0.7233272793239036","0.8769270139455013","0.7403932519063711","0.868407260319333","0.7271218346084424"
"astral-sweep-91","h988r7ow","finished","-","7ben18","","2023-06-04T07:49:26.000Z","432","87ys4h5o","0.000001","squared_hinge","false","l2","2252","772","0.2","false","0.8597298467766087","0.8548565622108109","0.8587334503485863","0.8611921201321658","0.8680700979839212","0.8801374307949952","0.8597298467766087","0.8548565622108109"
"sunny-sweep-90","h988r7ow","finished","-","7ben18","","2023-06-04T07:43:05.000Z","380","87ys4h5o","0.000001","squared_hinge","false","l2","5150","4471","0.2","false","0.8597785645838301","0.6765105611869302","0.866217148879775","0.6737369940372031","0.8854866938076036","0.6914839339482085","0.8597785645838301","0.6765105611869302"
"denim-sweep-89","h988r7ow","finished","-","7ben18","","2023-06-04T07:36:59.000Z","362","87ys4h5o","0.000001","squared_hinge","false","l2","9019","6583","0.2","false","0.8799692415874785","0.7490963994038538","0.8800463773328973","0.7865897333178946","0.8852824911445233","0.8891845886332546","0.8799692415874785","0.7490963994038538"
"fallen-sweep-88","h988r7ow","finished","-","7ben18","","2023-06-04T07:30:07.000Z","410","87ys4h5o","0.000001","squared_hinge","false","l2","2202","7424","0.2","false","0.9066564905003434","0.7277246124807428","0.9078157902009448","0.7525401929412211","0.910419375434846","0.8415662607949012","0.9066564905003434","0.7277246124807428"
"rose-sweep-87","h988r7ow","finished","-","7ben18","","2023-06-04T07:24:45.000Z","316","87ys4h5o","0.000001","squared_hinge","false","l2","433","5365","0.2","false","0.886238113815941","0.8233795440196946","0.8868084964650265","0.8212788954489947","0.8881030156176677","0.8332115894528499","0.886238113815941","0.8233795440196946"
"upbeat-sweep-86","h988r7ow","finished","-","7ben18","","2023-06-04T07:15:24.000Z","555","87ys4h5o","0.000001","squared_hinge","false","l2","5286","1462","0.2","false","0.92443027874709","0.70268845269042","0.9229459380820272","0.703044091836529","0.9243766530173744","0.7253804459987718","0.92443027874709","0.70268845269042"
"likely-sweep-85","h988r7ow","finished","-","7ben18","","2023-06-04T07:07:34.000Z","461","87ys4h5o","0.000001","squared_hinge","false","l2","1926","9296","0.2","false","0.8587739961049801","0.8097823449653893","0.863230277205187","0.813246122602529","0.8753906617940235","0.8223697514115477","0.8587739961049801","0.8097823449653893"
"floral-sweep-84","h988r7ow","finished","-","7ben18","","2023-06-04T07:01:10.000Z","381","87ys4h5o","0.000001","squared_hinge","false","l2","7682","5950","0.2","false","0.8707600158684393","0.788759185879881","0.87259556703264","0.8102371855227677","0.8768682204407414","0.8884493753576282","0.8707600158684393","0.788759185879881"
"revived-sweep-83","h988r7ow","finished","-","7ben18","","2023-06-04T06:52:30.000Z","518","87ys4h5o","0.000001","squared_hinge","false","l2","5014","2358","0.2","false","0.9130468594830938","0.7447981599386646","0.9128854262029228","0.7611437945053445","0.914190722473827","0.814646753925647","0.9130468594830938","0.7447981599386646"
"cosmic-sweep-82","h988r7ow","finished","-","7ben18","","2023-06-04T06:44:19.000Z","485","87ys4h5o","0.000001","squared_hinge","false","l2","851","3610","0.2","false","0.8355638326466611","0.8319434488947942","0.8378958871627973","0.8354361908046122","0.8447603388175724","0.8557887843387026","0.8355638326466611","0.8319434488947942"
"pleasant-sweep-81","h988r7ow","finished","-","7ben18","","2023-06-04T06:31:47.000Z","748","87ys4h5o","0.000001","squared_hinge","false","l2","5255","756","0.2","false","0.8311264832250953","0.6633262936467524","0.8332576946996432","0.6803044417902551","0.8479863664742526","0.7620650969172568","0.8311264832250953","0.6633262936467524"
"efficient-sweep-80","h988r7ow","finished","-","7ben18","","2023-06-04T06:22:17.000Z","566","87ys4h5o","0.000001","squared_hinge","false","l2","8280","3764","0.2","false","0.8736457184553769","0.5884467685268404","0.8763950168520153","0.5967975586717016","0.8826321620912795","0.6618093748614924","0.8736457184553769","0.5884467685268404"
"fluent-sweep-79","h988r7ow","finished","-","7ben18","","2023-06-04T06:17:14.000Z","297","87ys4h5o","0.000001","squared_hinge","false","l2","324","5621","0.2","false","0.9173758031890384","0.7436096147660763","0.9190378019367212","0.7539071408532975","0.9233154067664396","0.7886439676640649","0.9173758031890384","0.7436096147660763"
"fallen-sweep-78","h988r7ow","finished","-","7ben18","","2023-06-04T06:08:57.000Z","493","87ys4h5o","0.000001","squared_hinge","false","l2","7204","6008","0.2","false","0.867189210822403","0.7100124170457865","0.8679993826861144","0.733834243475965","0.8722578852918058","0.7880689830064992","0.867189210822403","0.7100124170457865"
"snowy-sweep-77","h988r7ow","finished","-","7ben18","","2023-06-04T06:01:37.000Z","437","87ys4h5o","0.000001","squared_hinge","false","l2","1625","4496","0.2","false","0.8595039433564051","0.8261815299959813","0.856290639498049","0.8249753432130066","0.8584032420022867","0.8305452881595551","0.8595039433564051","0.8261815299959813"
"worthy-sweep-76","h988r7ow","finished","-","7ben18","","2023-06-04T05:55:15.000Z","379","87ys4h5o","0.000001","squared_hinge","false","l2","2952","9683","0.2","false","0.8640684855591005","0.6907235002949399","0.8598687235885253","0.6626149006864678","0.8703138669487008","0.7047307579740443","0.8640684855591005","0.6907235002949399"
"peachy-sweep-75","h988r7ow","finished","-","7ben18","","2023-06-04T05:47:02.000Z","491","87ys4h5o","0.000001","squared_hinge","false","l2","3167","1814","0.2","false","0.9016516001026104","0.8191199717899696","0.9021332292204636","0.8260473314614932","0.9050913724733828","0.8472887429007615","0.9016516001026104","0.8191199717899696"
"laced-sweep-74","h988r7ow","finished","-","7ben18","","2023-06-04T05:40:55.000Z","365","87ys4h5o","0.000001","squared_hinge","false","l2","6673","7669","0.2","false","0.8953163768997812","0.923531019299751","0.8955519987688423","0.9237863226849936","0.8961788500925321","0.9293559298311044","0.8953163768997812","0.923531019299751"
"frosty-sweep-73","h988r7ow","finished","-","7ben18","","2023-06-04T05:28:02.000Z","770","87ys4h5o","0.000001","squared_hinge","false","l2","6854","8516","0.2","false","0.8758745250487392","0.786755592503023","0.8703972094817839","0.7865830313180712","0.8786230598610857","0.7933223012472398","0.8758745250487392","0.786755592503023"
"toasty-sweep-72","h988r7ow","finished","-","7ben18","","2023-06-04T05:19:27.000Z","513","87ys4h5o","0.000001","squared_hinge","false","l2","9812","4291","0.2","false","0.8266463741514694","0.5567973585845067","0.8310509388266777","0.5663223878396241","0.8410749791339284","0.7533726080820771","0.8266463741514694","0.5567973585845067"
"crisp-sweep-71","h988r7ow","finished","-","7ben18","","2023-06-04T05:10:35.000Z","527","87ys4h5o","0.000001","squared_hinge","false","l2","4158","9765","0.2","false","0.8980679249162701","0.5451093220869037","0.8988755434023311","0.5515540977800288","0.901056067908611","0.6914398106751024","0.8980679249162701","0.5451093220869037"
"flowing-sweep-70","h988r7ow","finished","-","7ben18","","2023-06-04T05:02:46.000Z","467","87ys4h5o","0.000001","squared_hinge","false","l2","2846","5144","0.2","false","0.902185624417215","0.7508141712231293","0.903299652233559","0.7533746158031773","0.90698859662011","0.765834326497295","0.902185624417215","0.7508141712231293"
"quiet-sweep-69","h988r7ow","finished","-","7ben18","","2023-06-04T04:47:25.000Z","918","87ys4h5o","0.000001","squared_hinge","false","l2","2148","4393","0.2","false","0.8343122079462076","0.767493057499316","0.8246886529582155","0.7510294120314833","0.8436047986387155","0.7629548049085284","0.8343122079462076","0.767493057499316"
"polar-sweep-68","h988r7ow","finished","-","7ben18","","2023-06-04T04:41:52.000Z","328","87ys4h5o","0.000001","squared_hinge","false","l2","6955","3248","0.2","false","0.9006008517780112","0.6414629139952428","0.9013394179049264","0.6560642728372238","0.9027285977955296","0.758182144146427","0.9006008517780112","0.6414629139952428"
"firm-sweep-67","h988r7ow","finished","-","7ben18","","2023-06-04T04:34:31.000Z","440","87ys4h5o","0.000001","squared_hinge","false","l2","8266","2254","0.2","false","0.8989772882376773","0.8176904076382958","0.8995714335321412","0.8164727274900073","0.9012755022091264","0.8237511379291499","0.8989772882376773","0.8176904076382958"
"rosy-sweep-66","h988r7ow","finished","-","7ben18","","2023-06-04T04:26:51.000Z","457","87ys4h5o","0.000001","squared_hinge","false","l2","317","2070","0.2","false","0.8489504323317038","0.5089020159571787","0.8514796007407335","0.4694368575228123","0.857421680723645","0.64069730122886","0.8489504323317038","0.5089020159571787"
"kind-sweep-65","h988r7ow","finished","-","7ben18","","2023-06-04T04:18:38.000Z","488","87ys4h5o","0.000001","squared_hinge","false","l2","6444","5221","0.2","false","0.8967471223914639","0.7092928718816799","0.8993321829723172","0.6687982955441887","0.9052209414273048","0.7246881964698213","0.8967471223914639","0.7092928718816799"
"sage-sweep-64","h988r7ow","finished","-","7ben18","","2023-06-04T04:10:26.000Z","491","87ys4h5o","0.000001","squared_hinge","false","l2","935","3308","0.2","false","0.8550483660686073","0.8489197465532083","0.8561069016247506","0.8553980473080324","0.865292563158559","0.8696055943726552","0.8550483660686073","0.8489197465532083"
"dry-sweep-63","h988r7ow","finished","-","7ben18","","2023-06-04T04:04:26.000Z","355","87ys4h5o","0.000001","squared_hinge","false","l2","1893","2949","0.2","false","0.8968553826775544","0.5865311830137645","0.8954072258480786","0.6185308793666568","0.8962363978541397","0.7424286262752765","0.8968553826775544","0.5865311830137645"
"dazzling-sweep-62","h988r7ow","finished","-","7ben18","","2023-06-04T03:50:52.000Z","811","87ys4h5o","0.000001","squared_hinge","false","l2","9149","5471","0.2","false","0.859673142708432","0.7395475195198167","0.8627560857391771","0.7470871080575244","0.8819848238018463","0.7734187009192115","0.859673142708432","0.7395475195198167"
"easy-sweep-61","h988r7ow","finished","-","7ben18","","2023-06-04T03:44:46.000Z","362","87ys4h5o","0.000001","squared_hinge","false","l2","7169","5497","0.2","false","0.8909977013598925","0.767263490674832","0.8907505966597886","0.7785632989748414","0.8920227971570011","0.8180138201567078","0.8909977013598925","0.767263490674832"
"peach-sweep-60","h988r7ow","finished","-","7ben18","","2023-06-04T03:37:41.000Z","420","87ys4h5o","0.000001","squared_hinge","false","l2","2842","8521","0.2","false","0.8962221742428017","0.679098417706835","0.8968719532492113","0.6711267942585377","0.8984541378126394","0.7882172330087078","0.8962221742428017","0.679098417706835"
"spring-sweep-59","h988r7ow","finished","-","7ben18","","2023-06-04T03:29:48.000Z","472","87ys4h5o","0.000001","squared_hinge","false","l2","1246","6958","0.2","false","0.92096747678845","0.7502196818736092","0.921628788711346","0.7476903214443094","0.92278015358835","0.7620723228634687","0.92096747678845","0.7502196818736092"
"super-sweep-58","h988r7ow","finished","-","7ben18","","2023-06-04T03:22:19.000Z","448","87ys4h5o","0.000001","squared_hinge","false","l2","4708","735","0.2","false","0.9008022262396488","0.6226441572292623","0.900744396600543","0.6117316857715274","0.9049362566099912","0.7587804603875252","0.9008022262396488","0.6226441572292623"
"fragrant-sweep-57","h988r7ow","finished","-","7ben18","","2023-06-04T03:13:09.000Z","546","87ys4h5o","0.000001","squared_hinge","false","l2","701","2326","0.2","false","0.7532667150940977","0.6095183256559182","0.7645168530188344","0.5632081801894405","0.8019569210637081","0.581825815287806","0.7532667150940977","0.6095183256559182"
"giddy-sweep-56","h988r7ow","finished","-","7ben18","","2023-06-04T03:00:22.000Z","763","87ys4h5o","0.000001","squared_hinge","false","l2","1702","6534","0.2","false","0.883229487206911","0.7568601681874516","0.8893729499498947","0.7490415912442763","0.9072681732700428","0.7797397078929421","0.883229487206911","0.7568601681874516"
"resilient-sweep-55","h988r7ow","finished","-","7ben18","","2023-06-04T02:51:27.000Z","531","87ys4h5o","0.000001","squared_hinge","false","l2","3443","6136","0.2","false","0.8804614151283472","0.5674825728770596","0.8811898507891968","0.61416355775146","0.8832038604618099","0.7199885094484805","0.8804614151283472","0.5674825728770596"
"vital-sweep-54","h988r7ow","finished","-","7ben18","","2023-06-04T02:43:09.000Z","495","87ys4h5o","0.000001","squared_hinge","false","l2","4412","2686","0.2","false","0.8868042695179891","0.7308744497818576","0.8863695000653181","0.7285455038200503","0.8925469957799289","0.7414935815070456","0.8868042695179891","0.7308744497818576"
"curious-sweep-53","h988r7ow","finished","-","7ben18","","2023-06-04T02:36:44.000Z","380","87ys4h5o","0.000001","squared_hinge","false","l2","9715","9375","0.2","false","0.8690036510162737","0.7248053746113167","0.8648783670711142","0.741926880683413","0.8706161839002864","0.8467743110539735","0.8690036510162737","0.7248053746113167"
"atomic-sweep-52","h988r7ow","finished","-","7ben18","","2023-06-04T02:29:06.000Z","454","87ys4h5o","0.000001","squared_hinge","false","l2","955","3167","0.2","false","0.8469212625164055","0.6282506488445178","0.8483922178374882","0.6141511258987713","0.8512759335255636","0.8066081299755844","0.8469212625164055","0.6282506488445178"
"elated-sweep-51","h988r7ow","finished","-","7ben18","","2023-06-04T02:15:09.000Z","835","87ys4h5o","0.000001","squared_hinge","false","l2","3067","5043","0.2","false","0.8828857042915547","0.46496038851144195","0.8846873936658036","0.47255661807206295","0.8909732748952237","0.5433185835859691","0.8828857042915547","0.46496038851144195"
"sage-sweep-50","h988r7ow","finished","-","7ben18","","2023-06-04T02:06:13.000Z","533","87ys4h5o","0.000001","squared_hinge","false","l2","7201","7197","0.2","false","0.8811380949725185","0.7924059912364005","0.8835957370865282","0.7981311226222237","0.8924620525408301","0.8360360962045623","0.8811380949725185","0.7924059912364005"
"smooth-sweep-49","h988r7ow","finished","-","7ben18","","2023-06-04T01:59:16.000Z","412","87ys4h5o","0.000001","squared_hinge","false","l2","5675","8367","0.2","false","0.8971767065581839","0.7496336323525346","0.8993057462070798","0.7526283167120367","0.904715876129858","0.7983923909710685","0.8971767065581839","0.7496336323525346"
"fanciful-sweep-48","h988r7ow","finished","-","7ben18","","2023-06-04T01:54:29.000Z","284","87ys4h5o","0.000001","squared_hinge","false","l2","7825","8750","0.2","false","0.9128881922013216","0.7305658505267458","0.910877808010564","0.7289671932925571","0.91058139565205","0.7818433088120186","0.9128881922013216","0.7305658505267458"
"misunderstood-sweep-47","h988r7ow","finished","-","7ben18","","2023-06-04T01:48:35.000Z","351","87ys4h5o","0.000001","squared_hinge","false","l2","6459","336","0.2","false","0.8993009837147923","0.8005732033933224","0.8978058128728017","0.8002788559626471","0.9000204585748791","0.8311485788425017","0.8993009837147923","0.8005732033933224"
"good-sweep-46","h988r7ow","finished","-","7ben18","","2023-06-04T01:33:00.000Z","930","87ys4h5o","0.000001","squared_hinge","false","l2","4279","7187","0.2","false","0.9184515598214468","0.7392720462503054","0.9199207246622008","0.7409772766291381","0.9227027109053452","0.7847558886905892","0.9184515598214468","0.7392720462503054"
"magic-sweep-45","h988r7ow","finished","-","7ben18","","2023-06-04T01:18:52.000Z","845","87ys4h5o","0.000001","squared_hinge","false","l2","9215","5874","0.2","false","0.9127224508685184","0.7785201242826023","0.9125333448753592","0.7754282528672428","0.9145426541373004","0.7861930003069288","0.9127224508685184","0.7785201242826023"
"misunderstood-sweep-44","h988r7ow","finished","-","7ben18","","2023-06-04T01:13:59.000Z","291","87ys4h5o","0.000001","squared_hinge","false","l2","6422","9262","0.2","false","0.8996258129899827","0.7816772803895861","0.8988050650513586","0.7827301488963383","0.8996319510237921","0.8017358230450623","0.8996258129899827","0.7816772803895861"
"flowing-sweep-43","h988r7ow","finished","-","7ben18","","2023-06-04T01:03:42.000Z","612","87ys4h5o","0.000001","squared_hinge","false","l2","3281","1077","0.2","false","0.7955538979333195","0.6056513874411676","0.7913266772217955","0.6268383347707286","0.7908874467276351","0.7075853041122526","0.7955538979333195","0.6056513874411676"
"divine-sweep-42","h988r7ow","finished","-","7ben18","","2023-06-04T00:56:24.000Z","435","87ys4h5o","0.000001","squared_hinge","false","l2","2089","2073","0.2","false","0.7663757964659298","0.7657847060562855","0.7460683966092717","0.7584683081443748","0.7750322207324268","0.7686287495757117","0.7663757964659298","0.7657847060562855"
"vague-sweep-41","h988r7ow","finished","-","7ben18","","2023-06-04T00:49:24.000Z","415","87ys4h5o","0.000001","squared_hinge","false","l2","7474","6747","0.2","false","0.8497805297228027","0.6059832223044658","0.8518682167376829","0.6167901972748374","0.8619123776681178","0.7833011943959155","0.8497805297228027","0.6059832223044658"
"giddy-sweep-40","h988r7ow","finished","-","7ben18","","2023-06-04T00:42:29.000Z","412","87ys4h5o","0.000001","squared_hinge","false","l2","4753","104","0.2","false","0.498546269527216","0.5458217868836992","0.5334240070879653","0.5562927328737629","0.7578260979615253","0.7160147753124394","0.498546269527216","0.5458217868836992"
"likely-sweep-39","h988r7ow","finished","-","7ben18","","2023-06-04T00:27:07.000Z","921","87ys4h5o","0.000001","squared_hinge","false","l2","1701","4340","0.2","false","0.9227523980675932","0.7601356833231596","0.9231137750498216","0.7725578165523245","0.9243112912806192","0.8370079329311827","0.9227523980675932","0.7601356833231596"
"pretty-sweep-38","h988r7ow","finished","-","7ben18","","2023-06-04T00:20:15.000Z","409","87ys4h5o","0.000001","squared_hinge","false","l2","7232","4479","0.2","false","0.912585542358216","0.8118069007263923","0.9137770681044446","0.8064405292014126","0.9158934318100994","0.8266682371084789","0.912585542358216","0.8118069007263923"
"bright-sweep-37","h988r7ow","finished","-","7ben18","","2023-06-04T00:13:14.000Z","419","87ys4h5o","0.000001","squared_hinge","false","l2","7762","1044","0.2","false","0.9088627065770016","0.7436116817933581","0.909163700226722","0.7640665404390251","0.9120244997163156","0.8149065404680775","0.9088627065770016","0.7436116817933581"
"dry-sweep-36","h988r7ow","finished","-","7ben18","","2023-06-04T00:06:53.000Z","376","87ys4h5o","0.000001","squared_hinge","false","l2","8210","6395","0.2","false","0.8992487669181207","0.7110903861784382","0.8968039921312168","0.7169387169645937","0.8982920141043035","0.772089137705119","0.8992487669181207","0.7110903861784382"
"stilted-sweep-35","h988r7ow","finished","-","7ben18","","2023-06-04T00:00:33.000Z","376","87ys4h5o","0.000001","squared_hinge","false","l2","9954","2692","0.2","false","0.9047589036328428","0.7793975345092197","0.9055125055752636","0.7739224445407767","0.9065350787725444","0.8137135846959511","0.9047589036328428","0.7793975345092197"
"wobbly-sweep-34","h988r7ow","finished","-","7ben18","","2023-06-03T23:46:03.000Z","865","87ys4h5o","0.000001","squared_hinge","false","l2","8885","5742","0.2","false","0.8944100811140527","0.7977589406775586","0.8957366469422029","0.791651885713725","0.8979784393049758","0.8054443338327728","0.8944100811140527","0.7977589406775586"
"stilted-sweep-33","h988r7ow","finished","-","7ben18","","2023-06-03T23:38:21.000Z","458","87ys4h5o","0.000001","squared_hinge","false","l2","3963","414","0.2","false","0.90525362286108","0.5542183500262569","0.9065703207172956","0.5878606574539812","0.9092825260057468","0.7155695940315622","0.90525362286108","0.5542183500262569"
"absurd-sweep-32","h988r7ow","finished","-","7ben18","","2023-06-03T23:31:49.000Z","391","87ys4h5o","0.000001","squared_hinge","false","l2","9931","355","0.2","false","0.8695095988186069","0.7224765171934984","0.8714001939006906","0.7508356180864191","0.87918851703855","0.8393167361870842","0.8695095988186069","0.7224765171934984"
"noble-sweep-31","h988r7ow","finished","-","7ben18","","2023-06-03T23:26:04.000Z","341","87ys4h5o","0.000001","squared_hinge","false","l2","223","6270","0.2","false","0.8893057411308164","0.694156816758103","0.8881813462369232","0.6929979709565944","0.8889460777386747","0.7198263008255449","0.8893057411308164","0.694156816758103"
"lively-sweep-30","h988r7ow","finished","-","7ben18","","2023-06-03T23:19:50.000Z","372","87ys4h5o","0.000001","squared_hinge","false","l2","3877","990","0.2","false","0.8809931415128096","0.5414828891180298","0.8810157456038317","0.5644849808592022","0.8878198904414434","0.7343507667024893","0.8809931415128096","0.5414828891180298"
"dainty-sweep-29","h988r7ow","finished","-","7ben18","","2023-06-03T23:12:38.000Z","426","87ys4h5o","0.000001","squared_hinge","false","l2","9936","5323","0.2","false","0.8813118395548887","0.7894777265745008","0.8818550071052936","0.8021969331657092","0.88654351305923","0.8448834177689573","0.8813118395548887","0.7894777265745008"
"glamorous-sweep-28","h988r7ow","finished","-","7ben18","","2023-06-03T23:05:51.000Z","401","87ys4h5o","0.000001","squared_hinge","false","l2","4802","3450","0.2","false","0.8466087914314082","0.5861532946786696","0.8408692793188796","0.5997179444629325","0.8551006028119229","0.6872457331990396","0.8466087914314082","0.5861532946786696"
"sweet-sweep-27","h988r7ow","finished","-","7ben18","","2023-06-03T22:51:22.000Z","867","87ys4h5o","0.000001","squared_hinge","false","l2","3192","2036","0.2","false","0.845576985597937","0.7554999942916509","0.8514036439703537","0.764278615085555","0.8712409369520436","0.800557566679442","0.845576985597937","0.7554999942916509"
"zesty-sweep-26","h988r7ow","finished","-","7ben18","","2023-06-03T22:44:40.000Z","397","87ys4h5o","0.000001","squared_hinge","false","l2","6936","4877","0.2","false","0.8339666493384499","0.5697325872262627","0.8366867075704735","0.5602758229905728","0.8434339223889074","0.694795800426696","0.8339666493384499","0.5697325872262627"
"magic-sweep-25","h988r7ow","finished","-","7ben18","","2023-06-03T22:37:13.000Z","445","87ys4h5o","0.000001","squared_hinge","false","l2","2719","1759","0.2","false","0.8719606034350379","0.8765914990552544","0.8726773520342305","0.8803196269645948","0.8751357573768913","0.890387112838897","0.8719606034350379","0.8765914990552544"
"fine-sweep-24","h988r7ow","finished","-","7ben18","","2023-06-03T22:28:21.000Z","528","87ys4h5o","0.000001","squared_hinge","false","l2","7848","654","0.2","false","0.9028858316445194","0.7454790417895168","0.905087187625189","0.7621204665653137","0.9105481133379528","0.8164832784456447","0.9028858316445194","0.7454790417895168"
"happy-sweep-23","h988r7ow","finished","-","7ben18","","2023-06-03T22:21:24.000Z","415","87ys4h5o","0.000001","squared_hinge","false","l2","6976","870","0.2","false","0.8628347581244732","0.8034631237881635","0.8623290797629767","0.8070892049457233","0.8643305036348541","0.8174686845520237","0.8628347581244732","0.8034631237881635"
"cosmic-sweep-22","h988r7ow","finished","-","7ben18","","2023-06-03T22:15:31.000Z","348","87ys4h5o","0.000001","squared_hinge","false","l2","6374","6087","0.2","false","0.8432265945805965","0.7600811478568352","0.8465212658960009","0.7458485607468991","0.8551097302803212","0.763703346902313","0.8432265945805965","0.7600811478568352"
"legendary-sweep-21","h988r7ow","finished","-","7ben18","","2023-06-03T22:07:25.000Z","485","87ys4h5o","0.000001","squared_hinge","false","l2","5056","9555","0.2","false","0.8997254513090803","0.7372386160264948","0.90197354933838","0.7445746045516324","0.9081924491213322","0.7773442772984022","0.8997254513090803","0.7372386160264948"
"feasible-sweep-20","h988r7ow","finished","-","7ben18","","2023-06-03T21:59:20.000Z","483","87ys4h5o","0.000001","squared_hinge","false","l2","9883","7809","0.2","false","0.8617440126124292","0.7219969390952254","0.8580665799121437","0.6934762715768508","0.8689760110986495","0.7150844567261694","0.8617440126124292","0.7219969390952254"
"eternal-sweep-19","h988r7ow","finished","-","7ben18","","2023-06-03T21:51:46.000Z","449","87ys4h5o","0.000001","squared_hinge","false","l2","1316","2446","0.2","false","0.8459942099199432","0.7217699508277126","0.8517007985375293","0.7290178311791932","0.8747419358005047","0.7683212603511647","0.8459942099199432","0.7217699508277126"
"serene-sweep-18","h988r7ow","finished","-","7ben18","","2023-06-03T21:44:01.000Z","459","87ys4h5o","0.000001","squared_hinge","false","l2","254","3024","0.2","false","0.8933737205898346","0.5049806992270676","0.8949284947022711","0.4862197052187999","0.8992281055051814","0.704568588460433","0.8933737205898346","0.5049806992270676"
"jolly-sweep-17","h988r7ow","finished","-","7ben18","","2023-06-03T21:36:52.000Z","426","87ys4h5o","0.000001","squared_hinge","false","l2","2044","9503","0.2","false","0.9020727868223368","0.7007163136842011","0.9018111399025536","0.722902008887024","0.9020238980438432","0.8071257659565984","0.9020727868223368","0.7007163136842011"
"giddy-sweep-16","h988r7ow","finished","-","7ben18","","2023-06-03T21:31:58.000Z","288","87ys4h5o","0.000001","squared_hinge","false","l2","216","3094","0.2","false","0.8684869531324259","0.6346300655539673","0.8686602228497333","0.6300210216057267","0.8704655832558603","0.6454381056859202","0.8684869531324259","0.6346300655539673"
"curious-sweep-15","h988r7ow","finished","-","7ben18","","2023-06-03T21:25:02.000Z","410","87ys4h5o","0.000001","squared_hinge","false","l2","4464","5719","0.2","false","0.8701748896427292","0.6564271783942135","0.8693757469733434","0.6635264615208765","0.8727621331990796","0.6822906006566195","0.8701748896427292","0.6564271783942135"
"astral-sweep-14","h988r7ow","finished","-","7ben18","","2023-06-03T21:19:02.000Z","357","87ys4h5o","0.000001","squared_hinge","false","l2","254","4798","0.2","false","0.8894883883263703","0.7821527431466505","0.8899040620846737","0.7899878629634887","0.8918315456677931","0.8132414710967534","0.8894883883263703","0.7821527431466505"
"curious-sweep-13","h988r7ow","finished","-","7ben18","","2023-06-03T21:11:34.000Z","443","87ys4h5o","0.000001","squared_hinge","false","l2","731","1720","0.2","false","0.8898137234012404","0.7814217364057077","0.8901607505003821","0.7947076228001252","0.8947700053905561","0.8280182366910789","0.8898137234012404","0.7814217364057077"
"lilac-sweep-12","h988r7ow","finished","-","7ben18","","2023-06-03T20:56:31.000Z","898","87ys4h5o","0.000001","squared_hinge","false","l2","3864","514","0.2","false","0.7977086081050078","0.5447299117463764","0.8075258513475422","0.546682405449629","0.8592079593011813","0.5877651406275957","0.7977086081050078","0.5447299117463764"
"genial-sweep-11","h988r7ow","finished","-","7ben18","","2023-06-03T20:46:40.000Z","589","87ys4h5o","0.000001","squared_hinge","false","l2","3923","7620","0.2","false","0.8759133898081874","0.802133296613908","0.8773395831014551","0.7930032076270302","0.8795547762725373","0.7958142455323987","0.8759133898081874","0.802133296613908"
"lunar-sweep-10","h988r7ow","finished","-","7ben18","","2023-06-03T20:41:16.000Z","320","87ys4h5o","0.000001","squared_hinge","false","l2","7916","7040","0.2","false","0.8706674075970439","0.5820157834328287","0.8689694292657143","0.5683338435469132","0.8688680302404191","0.7132060009842532","0.8706674075970439","0.5820157834328287"
"vocal-sweep-9","h988r7ow","finished","-","7ben18","","2023-06-03T20:34:06.000Z","423","87ys4h5o","0.000001","squared_hinge","false","l2","2374","9096","0.2","false","0.887885275174322","0.6621753886650766","0.887193619008509","0.665106506877013","0.8938458839663826","0.7639578619231737","0.887885275174322","0.6621753886650766"
"eternal-sweep-8","h988r7ow","finished","-","7ben18","","2023-06-03T20:28:25.000Z","339","87ys4h5o","0.000001","squared_hinge","false","l2","687","9031","0.2","false","0.91185448829238","0.6789450916480554","0.911997373511181","0.7124656047154073","0.913680253795685","0.7903697930492728","0.91185448829238","0.6789450916480554"
"morning-sweep-7","h988r7ow","finished","-","7ben18","","2023-06-03T20:20:07.000Z","493","87ys4h5o","0.000001","squared_hinge","false","l2","8923","4424","0.2","false","0.8804656573977485","0.8088788717203217","0.8802120237898151","0.8137390138810582","0.8873502432041845","0.8587645416650382","0.8804656573977485","0.8088788717203217"
"lunar-sweep-6","h988r7ow","finished","-","7ben18","","2023-06-03T20:08:26.000Z","695","87ys4h5o","0.000001","squared_hinge","false","l2","3618","4663","0.2","false","0.8764249347061837","0.7501183244475911","0.8730478090729001","0.7535992507055956","0.8770694546669794","0.7855169553507206","0.8764249347061837","0.7501183244475911"
"atomic-sweep-5","h988r7ow","finished","-","7ben18","","2023-06-03T20:00:45.000Z","457","87ys4h5o","0.000001","squared_hinge","false","l2","4766","3863","0.2","false","0.8686548363339907","0.7429538207015609","0.8664161402492685","0.7483327842299464","0.8679252069957302","0.7661107659655859","0.8686548363339907","0.7429538207015609"
"vocal-sweep-4","h988r7ow","finished","-","7ben18","","2023-06-03T19:54:46.000Z","355","87ys4h5o","0.000001","squared_hinge","false","l2","1883","7500","0.2","false","0.9012103914051236","0.8002310570602631","0.8982158348288913","0.8080579605733611","0.8993108559588263","0.8630520015913712","0.9012103914051236","0.8002310570602631"
"legendary-sweep-3","h988r7ow","finished","-","7ben18","","2023-06-03T19:47:47.000Z","417","87ys4h5o","0.000001","squared_hinge","false","l2","142","2416","0.2","false","0.8771095819911175","0.6799910256889653","0.8799249414121578","0.6991964771966441","0.8881585861961263","0.8088502393123439","0.8771095819911175","0.6799910256889653"
"pious-sweep-2","h988r7ow","finished","-","7ben18","","2023-06-03T19:40:09.000Z","453","87ys4h5o","0.000001","squared_hinge","false","l2","6442","7815","0.2","false","0.8985697254272839","0.7601309564893399","0.9001757678924536","0.7608732150903297","0.9044723077832963","0.7660183221517615","0.8985697254272839","0.7601309564893399"
"breezy-sweep-1","h988r7ow","finished","-","7ben18","","2023-06-03T19:34:49.000Z","314","87ys4h5o","0.000001","squared_hinge","false","l2","9086","719","0.2","false","0.7670152733612804","0.31601109501765545","0.7721503344487533","0.3914031155067072","0.7863285327824147","0.6172251703365317","0.7670152733612804","0.31601109501765545"